{
    "seqs": [
        [
            8,
            1,
            9,
            4,
            2,
            9
        ],
        [
            4,
            7,
            8,
            3,
            9,
            9
        ],
        [
            2,
            3,
            4,
            7,
            6,
            4
        ],
        [
            6,
            4,
            7,
            0,
            1,
            7
        ],
        [
            1,
            9,
            0,
            6,
            3,
            0
        ],
        [
            4,
            5,
            6,
            9,
            7,
            6
        ],
        [
            0,
            1,
            2,
            7,
            4,
            2
        ],
        [
            7,
            8,
            1,
            0,
            3,
            1
        ],
        [
            3,
            4,
            5,
            6,
            9,
            5
        ],
        [
            9,
            0,
            1,
            6,
            4,
            1
        ],
        [
            5,
            6,
            4,
            0,
            1,
            4
        ],
        [
            1,
            2,
            3,
            4,
            8,
            3
        ]
    ],
    "response": [
        "correct",
        "wrong",
        "correct",
        "correct",
        "correct",
        "correct",
        "correct",
        "correct",
        "correct",
        "correct",
        "correct",
        "correct"
    ],
    "performance-test": 0.916666666666667,
    "performance-learning": [
        0.25,
        0.583333333333333,
        0.666666666666667,
        0.416666666666667,
        0.916666666666667
    ]
}