{
    "seqs": [
        [
            1,
            9,
            0,
            3,
            6,
            0
        ],
        [
            4,
            7,
            8,
            9,
            1,
            8
        ],
        [
            5,
            6,
            4,
            9,
            8,
            4
        ],
        [
            0,
            1,
            2,
            7,
            4,
            2
        ],
        [
            3,
            4,
            5,
            7,
            1,
            5
        ],
        [
            1,
            2,
            3,
            5,
            8,
            3
        ],
        [
            7,
            8,
            1,
            4,
            9,
            1
        ],
        [
            9,
            0,
            1,
            6,
            4,
            1
        ],
        [
            4,
            5,
            6,
            8,
            1,
            6
        ],
        [
            8,
            1,
            9,
            2,
            5,
            9
        ],
        [
            2,
            3,
            4,
            8,
            6,
            4
        ],
        [
            6,
            4,
            7,
            8,
            2,
            7
        ]
    ],
    "response": [
        "correct",
        "correct",
        "correct",
        "correct",
        "correct",
        "correct",
        "correct",
        "correct",
        "correct",
        "correct",
        "correct",
        "correct"
    ],
    "performance-test": 1.0,
    "performance-learning": [
        0.416666666666667,
        0.583333333333333,
        0.666666666666667,
        0.75,
        0.833333333333333
    ],
    "blocks": {
        "Block": {
            "60": 0,
            "61": 0,
            "62": 0,
            "63": 0,
            "64": 0,
            "65": 0,
            "66": 0,
            "67": 0,
            "68": 0,
            "69": 0,
            "70": 0,
            "71": 0,
            "0": 1,
            "1": 1,
            "2": 1,
            "3": 1,
            "4": 1,
            "5": 1,
            "6": 1,
            "7": 1,
            "8": 1,
            "9": 1,
            "10": 1,
            "11": 1,
            "12": 2,
            "13": 2,
            "14": 2,
            "15": 2,
            "16": 2,
            "17": 2,
            "18": 2,
            "19": 2,
            "20": 2,
            "21": 2,
            "22": 2,
            "23": 2,
            "24": 3,
            "25": 3,
            "26": 3,
            "27": 3,
            "28": 3,
            "29": 3,
            "30": 3,
            "31": 3,
            "32": 3,
            "33": 3,
            "34": 3,
            "35": 3,
            "36": 4,
            "37": 4,
            "38": 4,
            "39": 4,
            "40": 4,
            "41": 4,
            "42": 4,
            "43": 4,
            "44": 4,
            "45": 4,
            "46": 4,
            "47": 4,
            "48": 5,
            "49": 5,
            "50": 5,
            "51": 5,
            "52": 5,
            "53": 5,
            "54": 5,
            "55": 5,
            "56": 5,
            "57": 5,
            "58": 5,
            "59": 5
        },
        "Trial": {
            "60": 1,
            "61": 2,
            "62": 3,
            "63": 4,
            "64": 5,
            "65": 6,
            "66": 7,
            "67": 8,
            "68": 9,
            "69": 10,
            "70": 11,
            "71": 12,
            "0": 1,
            "1": 2,
            "2": 3,
            "3": 4,
            "4": 5,
            "5": 6,
            "6": 7,
            "7": 8,
            "8": 9,
            "9": 10,
            "10": 11,
            "11": 12,
            "12": 1,
            "13": 2,
            "14": 3,
            "15": 4,
            "16": 5,
            "17": 6,
            "18": 7,
            "19": 8,
            "20": 9,
            "21": 10,
            "22": 11,
            "23": 12,
            "24": 1,
            "25": 2,
            "26": 3,
            "27": 4,
            "28": 5,
            "29": 6,
            "30": 7,
            "31": 8,
            "32": 9,
            "33": 10,
            "34": 11,
            "35": 12,
            "36": 1,
            "37": 2,
            "38": 3,
            "39": 4,
            "40": 5,
            "41": 6,
            "42": 7,
            "43": 8,
            "44": 9,
            "45": 10,
            "46": 11,
            "47": 12,
            "48": 1,
            "49": 2,
            "50": 3,
            "51": 4,
            "52": 5,
            "53": 6,
            "54": 7,
            "55": 8,
            "56": 9,
            "57": 10,
            "58": 11,
            "59": 12
        },
        "Seq1": {
            "60": "B",
            "61": "E",
            "62": "F",
            "63": "A",
            "64": "D",
            "65": "B",
            "66": "H",
            "67": "J",
            "68": "E",
            "69": "I",
            "70": "C",
            "71": "G",
            "0": " H",
            "1": " I",
            "2": " F",
            "3": " J",
            "4": " E",
            "5": " E",
            "6": " B",
            "7": " G",
            "8": " C",
            "9": " A",
            "10": " D",
            "11": " B",
            "12": " E",
            "13": " J",
            "14": " H",
            "15": " C",
            "16": " E",
            "17": " B",
            "18": " A",
            "19": " D",
            "20": " B",
            "21": " F",
            "22": " I",
            "23": " G",
            "24": " B",
            "25": " A",
            "26": " F",
            "27": " J",
            "28": " G",
            "29": " D",
            "30": " E",
            "31": " I",
            "32": " C",
            "33": " E",
            "34": " B",
            "35": " H",
            "36": " C",
            "37": " D",
            "38": " I",
            "39": " E",
            "40": " F",
            "41": " G",
            "42": " J",
            "43": " B",
            "44": " A",
            "45": " H",
            "46": " B",
            "47": " E",
            "48": " F",
            "49": " B",
            "50": " G",
            "51": " B",
            "52": " C",
            "53": " J",
            "54": " I",
            "55": " H",
            "56": " A",
            "57": " E",
            "58": " D",
            "59": " E"
        },
        "Seq2": {
            "60": "J",
            "61": "H",
            "62": "G",
            "63": "B",
            "64": "E",
            "65": "C",
            "66": "I",
            "67": "A",
            "68": "F",
            "69": "B",
            "70": "D",
            "71": "E",
            "0": " I",
            "1": " B",
            "2": " G",
            "3": " A",
            "4": " F",
            "5": " H",
            "6": " J",
            "7": " E",
            "8": " D",
            "9": " B",
            "10": " E",
            "11": " C",
            "12": " F",
            "13": " A",
            "14": " I",
            "15": " D",
            "16": " H",
            "17": " C",
            "18": " B",
            "19": " E",
            "20": " J",
            "21": " G",
            "22": " B",
            "23": " E",
            "24": " J",
            "25": " B",
            "26": " G",
            "27": " A",
            "28": " E",
            "29": " E",
            "30": " F",
            "31": " B",
            "32": " D",
            "33": " H",
            "34": " C",
            "35": " I",
            "36": " D",
            "37": " E",
            "38": " B",
            "39": " H",
            "40": " G",
            "41": " E",
            "42": " A",
            "43": " C",
            "44": " B",
            "45": " I",