{
    "seqs": [
        [
            0,
            1,
            2,
            4,
            6,
            2
        ],
        [
            4,
            5,
            6,
            8,
            0,
            6
        ],
        [
            7,
            8,
            1,
            2,
            9,
            1
        ],
        [
            4,
            7,
            8,
            3,
            9,
            8
        ],
        [
            6,
            4,
            7,
            1,
            2,
            7
        ],
        [
            8,
            1,
            9,
            0,
            4,
            9
        ],
        [
            3,
            4,
            5,
            7,
            9,
            5
        ],
        [
            1,
            9,
            0,
            3,
            4,
            0
        ],
        [
            9,
            0,
            1,
            5,
            3,
            1
        ],
        [
            1,
            2,
            3,
            5,
            7,
            3
        ],
        [
            2,
            3,
            4,
            5,
            7,
            4
        ],
        [
            5,
            6,
            4,
            0,
            8,
            4
        ]
    ],
    "response": [
        "correct",
        "correct",
        "correct",
        "correct",
        "correct",
        "correct",
        "correct",
        "correct",
        "correct",
        "correct",
        "correct",
        "correct"
    ],
    "performance-test": 1.0,
    "performance-learning": [
        0.666666666666667,
        0.416666666666667,
        0.666666666666667,
        0.75,
        0.75,
        0.916666666666667
    ]
}