{
    "seqs": [
        [
            5,
            6,
            4,
            0,
            7,
            4
        ],
        [
            8,
            1,
            9,
            3,
            2,
            2
        ],
        [
            4,
            7,
            8,
            2,
            0,
            8
        ],
        [
            1,
            2,
            3,
            4,
            6,
            3
        ],
        [
            7,
            8,
            1,
            0,
            3,
            0
        ],
        [
            1,
            9,
            0,
            3,
            5,
            0
        ],
        [
            2,
            3,
            4,
            1,
            6,
            6
        ],
        [
            6,
            4,
            7,
            2,
            8,
            7
        ],
        [
            4,
            5,
            6,
            7,
            0,
            6
        ],
        [
            9,
            0,
            1,
            4,
            5,
            1
        ],
        [
            3,
            4,
            5,
            8,
            7,
            7
        ],
        [
            0,
            1,
            2,
            5,
            7,
            2
        ]
    ],
    "response": [
        "correct",
        "wrong",
        "correct",
        "correct",
        "wrong",
        "correct",
        "wrong",
        "correct",
        "correct",
        "correct",
        "wrong",
        "correct"
    ],
    "performance-test": 0.666666666666667,
    "performance-learning": [
        0.25,
        0.75,
        0.583333333333333,
        0.666666666666667,
        1.0
    ]
}