{
    "seqs": [
        [
            4,
            5,
            6,
            8,
            0,
            6
        ],
        [
            3,
            4,
            5,
            8,
            7,
            5
        ],
        [
            7,
            8,
            1,
            2,
            9,
            9
        ],
        [
            2,
            3,
            4,
            1,
            6,
            4
        ],
        [
            9,
            0,
            1,
            3,
            4,
            1
        ],
        [
            6,
            4,
            7,
            8,
            1,
            7
        ],
        [
            1,
            2,
            3,
            4,
            7,
            3
        ],
        [
            0,
            1,
            2,
            4,
            7,
            2
        ],
        [
            4,
            7,
            8,
            1,
            0,
            8
        ],
        [
            1,
            9,
            0,
            2,
            5,
            2
        ],
        [
            8,
            1,
            9,
            4,
            0,
            4
        ],
        [
            5,
            6,
            4,
            7,
            0,
            7
        ]
    ],
    "response": [
        "correct",
        "correct",
        "wrong",
        "correct",
        "correct",
        "correct",
        "correct",
        "correct",
        "correct",
        "wrong",
        "wrong",
        "wrong"
    ],
    "performance-test": 0.666666666666667,
    "performance-learning": [
        0.5,
        0.5,
        0.583333333333333,
        0.75,
        0.666666666666667,
        0.5
    ]
}