{
    "seqs": [
        [
            2,
            3,
            4,
            8,
            5,
            8
        ],
        [
            7,
            8,
            1,
            3,
            9,
            9
        ],
        [
            8,
            1,
            9,
            5,
            0,
            9
        ],
        [
            0,
            1,
            2,
            6,
            5,
            2
        ],
        [
            1,
            2,
            3,
            6,
            8,
            3
        ],
        [
            3,
            4,
            5,
            7,
            8,
            5
        ],
        [
            9,
            0,
            1,
            5,
            3,
            1
        ],
        [
            4,
            7,
            8,
            9,
            2,
            2
        ],
        [
            4,
            5,
            6,
            8,
            1,
            6
        ],
        [
            6,
            4,
            7,
            0,
            1,
            7
        ],
        [
            5,
            6,
            4,
            7,
            1,
            4
        ],
        [
            1,
            9,
            0,
            4,
            3,
            0
        ]
    ],
    "response": [
        "wrong",
        "wrong",
        "correct",
        "correct",
        "correct",
        "correct",
        "correct",
        "wrong",
        "correct",
        "correct",
        "correct",
        "correct"
    ],
    "performance-test": 0.75,
    "performance-learning": [
        0.416666666666667,
        0.583333333333333,
        0.666666666666667,
        0.75,
        0.75,
        0.75
    ]
}