{
    "seqs": [
        [
            7,
            8,
            1,
            2,
            9,
            1
        ],
        [
            8,
            1,
            9,
            0,
            5,
            9
        ],
        [
            3,
            4,
            5,
            8,
            7,
            5
        ],
        [
            6,
            4,
            7,
            9,
            1,
            1
        ],
        [
            9,
            0,
            1,
            6,
            3,
            1
        ],
        [
            0,
            1,
            2,
            5,
            6,
            2
        ],
        [
            2,
            3,
            4,
            6,
            1,
            4
        ],
        [
            1,
            9,
            0,
            2,
            6,
            6
        ],
        [
            4,
            5,
            6,
            8,
            0,
            8
        ],
        [
            5,
            6,
            4,
            0,
            7,
            4
        ],
        [
            1,
            2,
            3,
            8,
            5,
            3
        ],
        [
            4,
            7,
            8,
            0,
            2,
            8
        ]
    ],
    "response": [
        "correct",
        "correct",
        "correct",
        "wrong",
        "correct",
        "correct",
        "correct",
        "wrong",
        "wrong",
        "correct",
        "correct",
        "correct"
    ],
    "performance-test": 0.75,
    "performance-learning": [
        0.416666666666667,
        0.833333333333333
    ],
    "blocks": {
        "Block": {
            "24": 0,
            "25": 0,
            "26": 0,
            "27": 0,
            "28": 0,
            "29": 0,
            "30": 0,
            "31": 0,
            "32": 0,
            "33": 0,
            "34": 0,
            "35": 0,
            "0": 1,
            "1": 1,
            "2": 1,
            "3": 1,
            "4": 1,
            "5": 1,
            "6": 1,
            "7": 1,
            "8": 1,
            "9": 1,
            "10": 1,
            "11": 1,
            "12": 2,
            "13": 2,
            "14": 2,
            "15": 2,
            "16": 2,
            "17": 2,
            "18": 2,
            "19": 2,
            "20": 2,
            "21": 2,
            "22": 2,
            "23": 2
        },
        "Trial": {
            "24": 1,
            "25": 2,
            "26": 3,
            "27": 4,
            "28": 5,
            "29": 6,
            "30": 7,
            "31": 8,
            "32": 9,
            "33": 10,
            "34": 11,
            "35": 12,
            "0": 1,
            "1": 2,
            "2": 3,
            "3": 4,
            "4": 5,
            "5": 6,
            "6": 7,
            "7": 8,
            "8": 9,
            "9": 10,
            "10": 11,
            "11": 12,
            "12": 1,
            "13": 2,
            "14": 3,
            "15": 4,
            "16": 5,
            "17": 6,
            "18": 7,
            "19": 8,
            "20": 9,
            "21": 10,
            "22": 11,
            "23": 12
        },
        "Seq1": {
            "24": "H",
            "25": "I",
            "26": "D",
            "27": "G",
            "28": "J",
            "29": "A",
            "30": "C",
            "31": "B",
            "32": "E",
            "33": "F",
            "34": "B",
            "35": "E",
            "0": " H",
            "1": " A",
            "2": " B",
            "3": " I",
            "4": " F",
            "5": " B",
            "6": " J",
            "7": " C",
            "8": " D",
            "9": " E",
            "10": " E",
            "11": " G",
            "12": " E",
            "13": " G",
            "14": " D",
            "15": " A",
            "16": " C",
            "17": " H",
            "18": " I",
            "19": " J",
            "20": " E",
            "21": " B",
            "22": " B",
            "23": " F"
        },
        "Seq2": {
            "24": "I",
            "25": "B",
            "26": "E",
            "27": "E",
            "28": "A",
            "29": "B",
            "30": "D",
            "31": "J",
            "32": "F",
            "33": "G",
            "34": "C",
            "35": "H",
            "0": " I",
            "1": " B",
            "2": " C",
            "3": " B",
            "4": " G",
            "5": " J",
            "6": " A",
            "7": " D",
            "8": " E",
            "9": " H",
            "10": " F",
            "11": " E",
            "12": " F",
            "13": " E",
            "14": " E",
            "15": " B",
            "16": " D",
            "17": " I",
            "18": " B",
            "19": " A",
            "20": " H",
            "21": " C",
            "22": " J",
            "23": " G"
        },
        "option1": {
            "24": "C",
            "25": "A",
            "26": "F",
            "27": "J",
            "28": "G",
            "29": "F",
            "30": "G",
            "31": "A",
            "32": "I",
            "33": "E",
            "34": "I",
            "35": "I",
            "0": " B",
            "1": " E",
            "2": " E",
            "3": " J",
            "4": " J",
            "5": " E",
            "6": " E",
            "7": " G",
            "8": " B",
            "9": " D",
            "10": " I",
            "11": " H",
            "12": " I",
            "13": " J",
            "14": " F",
            "15": " D",
            "16": " G",
            "17": " J",
            "18": " J",
            "19": " C",
            "20": " I",
            "21": " F",
            "22": " G",
            "23": " B"
        },
        "option2": {
            "24": "J",
            "25": "J",
            "26": "I",
            "27": "B",
            "28": "B",
            "29": "G",
            "30": "B",
            "31": "C",
            "32": "G",
            "33": "A",
            "34": "D",
            "35": "A",
            "0": " C",
            "1": " C",
            "2": " G",
            "3": " A",
            "4": " E",
            "5": " A",
            "6": " C",
            "7": " E",
            "8": " G",
            "9": " A",
            "10": " A",
            "11": " I",
            "12": " G",
            "13": " A",
            "14": " B",
            "15": " C",
            "16": " H",
            "17": " B",
            "18": " C",
            "19": " B",
            "20": " C",
            "21": " H",
            "22": " A",
            "23": " A"
        },
        "option3": {
            "24": "B",
            "25": "F",
            "26": "H",
            "27": "H",
            "28": "D",
            "29": "C",
            "30": "E",
            "31": "G",
            "32": "A",
            "33": "H",
            "34": "F",
            "35": "C",
            "0": " A",
            "1": " D",
            "2": " D",
            "3": " F",
            "4": " B",
            "5": " D",
            "6": " B",
            "7": " I",
            "8": " F",
            "9": " I",
            "10": " G",
            "11": " A",
            "12": " B",
            "13": " H",
            "14": " H",
            "15": " G",
            "16": " E",
            "17": " D",
            "18": " D",
            "19": " G",
            "20": " J",
            "21": " D",
            "22": " C",
            "23": " E"
        },
        "Correct": {
            "24": 3,
            "25": 2,
            "26": 1,
            "27": 3,
            "28": 2,
            "29": 3,
            "30": 3,
            "31": 1,
            "32": 2,
            "33": 1,
            "34": 2,
            "35": 1,
            "0": 1,
            "1": 2,
            "2": 3,
            "3": 1,