{
    "seqs": [
        [
            3,
            4,
            5,
            1,
            7,
            5
        ],
        [
            9,
            0,
            1,
            3,
            5,
            1
        ],
        [
            8,
            1,
            9,
            5,
            0,
            9
        ],
        [
            1,
            9,
            0,
            6,
            2,
            0
        ],
        [
            6,
            4,
            7,
            8,
            0,
            7
        ],
        [
            4,
            7,
            8,
            2,
            1,
            8
        ],
        [
            4,
            5,
            6,
            7,
            1,
            7
        ],
        [
            0,
            1,
            2,
            5,
            4,
            2
        ],
        [
            5,
            6,
            4,
            7,
            9,
            4
        ],
        [
            1,
            2,
            3,
            5,
            7,
            5
        ],
        [
            7,
            8,
            1,
            9,
            4,
            1
        ],
        [
            2,
            3,
            4,
            8,
            6,
            4
        ]
    ],
    "response": [
        "correct",
        "correct",
        "correct",
        "correct",
        "correct",
        "correct",
        "wrong",
        "correct",
        "correct",
        "wrong",
        "correct",
        "correct"
    ],
    "performance-test": 0.833333333333333,
    "performance-learning": [
        0.25,
        0.666666666666667,
        0.5,
        0.333333333333333,
        0.416666666666667,
        0.666666666666667
    ]
}