{
    "seqs": [
        [
            2,
            3,
            4,
            6,
            8,
            4
        ],
        [
            5,
            6,
            4,
            1,
            0,
            1
        ],
        [
            1,
            9,
            0,
            3,
            6,
            0
        ],
        [
            8,
            1,
            9,
            0,
            5,
            9
        ],
        [
            0,
            1,
            2,
            7,
            4,
            2
        ],
        [
            9,
            0,
            1,
            2,
            5,
            2
        ],
        [
            4,
            5,
            6,
            0,
            7,
            6
        ],
        [
            6,
            4,
            7,
            0,
            9,
            7
        ],
        [
            3,
            4,
            5,
            6,
            8,
            5
        ],
        [
            7,
            8,
            1,
            9,
            2,
            1
        ],
        [
            4,
            7,
            8,
            1,
            3,
            8
        ],
        [
            1,
            2,
            3,
            5,
            7,
            7
        ]
    ],
    "response": [
        "correct",
        "wrong",
        "correct",
        "correct",
        "correct",
        "wrong",
        "correct",
        "correct",
        "correct",
        "correct",
        "correct",
        "wrong"
    ],
    "performance-test": 0.75,
    "performance-learning": [
        0.5,
        0.583333333333333,
        0.166666666666667,
        0.333333333333333,
        0.583333333333333,
        0.666666666666667
    ]
}