{
    "seqs": [
        [
            3,
            4,
            5,
            6,
            1,
            5
        ],
        [
            2,
            3,
            4,
            7,
            5,
            4
        ],
        [
            7,
            8,
            1,
            2,
            0,
            2
        ],
        [
            5,
            6,
            4,
            7,
            1,
            7
        ],
        [
            1,
            2,
            3,
            4,
            7,
            3
        ],
        [
            4,
            5,
            6,
            9,
            8,
            6
        ],
        [
            8,
            1,
            9,
            4,
            0,
            9
        ],
        [
            0,
            1,
            2,
            3,
            6,
            2
        ],
        [
            9,
            0,
            1,
            4,
            5,
            5
        ],
        [
            4,
            7,
            8,
            9,
            2,
            8
        ],
        [
            6,
            4,
            7,
            1,
            0,
            7
        ],
        [
            1,
            9,
            0,
            6,
            3,
            0
        ]
    ],
    "response": [
        "correct",
        "correct",
        "wrong",
        "wrong",
        "correct",
        "correct",
        "correct",
        "correct",
        "wrong",
        "correct",
        "correct",
        "correct"
    ],
    "performance-test": 0.75,
    "performance-learning": [
        0.25,
        0.75,
        0.583333333333333,
        0.75,
        0.666666666666667,
        0.666666666666667
    ]
}