{
    "seqs": [
        [
            2,
            3,
            4,
            5,
            8,
            4
        ],
        [
            3,
            4,
            5,
            7,
            9,
            5
        ],
        [
            0,
            1,
            2,
            7,
            4,
            2
        ],
        [
            6,
            4,
            7,
            1,
            9,
            1
        ],
        [
            4,
            7,
            8,
            2,
            1,
            8
        ],
        [
            7,
            8,
            1,
            2,
            9,
            1
        ],
        [
            1,
            9,
            0,
            2,
            6,
            0
        ],
        [
            1,
            2,
            3,
            4,
            6,
            4
        ],
        [
            9,
            0,
            1,
            6,
            4,
            1
        ],
        [
            4,
            5,
            6,
            8,
            9,
            6
        ],
        [
            5,
            6,
            4,
            1,
            0,
            4
        ],
        [
            8,
            1,
            9,
            0,
            4,
            9
        ]
    ],
    "response": [
        "correct",
        "correct",
        "correct",
        "wrong",
        "correct",
        "correct",
        "correct",
        "wrong",
        "correct",
        "correct",
        "correct",
        "correct"
    ],
    "performance-test": 0.833333333333333,
    "performance-learning": [
        0.666666666666667,
        0.5,
        0.583333333333333,
        0.583333333333333,
        1.0
    ],
    "blocks": {
        "Block": {
            "60": 0,
            "61": 0,
            "62": 0,
            "63": 0,
            "64": 0,
            "65": 0,
            "66": 0,
            "67": 0,
            "68": 0,
            "69": 0,
            "70": 0,
            "71": 0,
            "0": 1,
            "1": 1,
            "2": 1,
            "3": 1,
            "4": 1,
            "5": 1,
            "6": 1,
            "7": 1,
            "8": 1,
            "9": 1,
            "10": 1,
            "11": 1,
            "12": 2,
            "13": 2,
            "14": 2,
            "15": 2,
            "16": 2,
            "17": 2,
            "18": 2,
            "19": 2,
            "20": 2,
            "21": 2,
            "22": 2,
            "23": 2,
            "24": 3,
            "25": 3,
            "26": 3,
            "27": 3,
            "28": 3,
            "29": 3,
            "30": 3,
            "31": 3,
            "32": 3,
            "33": 3,
            "34": 3,
            "35": 3,
            "36": 4,
            "37": 4,
            "38": 4,
            "39": 4,
            "40": 4,
            "41": 4,
            "42": 4,
            "43": 4,
            "44": 4,
            "45": 4,
            "46": 4,
            "47": 4,
            "48": 5,
            "49": 5,
            "50": 5,
            "51": 5,
            "52": 5,
            "53": 5,
            "54": 5,
            "55": 5,
            "56": 5,
            "57": 5,
            "58": 5,
            "59": 5
        },
        "Trial": {
            "60": 1,
            "61": 2,
            "62": 3,
            "63": 4,
            "64": 5,
            "65": 6,
            "66": 7,
            "67": 8,
            "68": 9,
            "69": 10,
            "70": 11,
            "71": 12,
            "0": 1,
            "1": 2,
            "2": 3,
            "3": 4,
            "4": 5,
            "5": 6,
            "6": 7,
            "7": 8,
            "8": 9,
            "9": 10,
            "10": 11,
            "11": 12,
            "12": 1,
            "13": 2,
            "14": 3,
            "15": 4,
            "16": 5,
            "17": 6,
            "18": 7,
            "19": 8,
            "20": 9,
            "21": 10,
            "22": 11,
            "23": 12,
            "24": 1,
            "25": 2,
            "26": 3,
            "27": 4,
            "28": 5,
            "29": 6,
            "30": 7,
            "31": 8,
            "32": 9,
            "33": 10,
            "34": 11,
            "35": 12,
            "36": 1,
            "37": 2,
            "38": 3,
            "39": 4,
            "40": 5,
            "41": 6,
            "42": 7,
            "43": 8,
            "44": 9,
            "45": 10,
            "46": 11,
            "47": 12,
            "48": 1,
            "49": 2,
            "50": 3,
            "51": 4,
            "52": 5,
            "53": 6,
            "54": 7,
            "55": 8,
            "56": 9,
            "57": 10,
            "58": 11,
            "59": 12
        },
        "Seq1": {
            "60": "C",
            "61": "D",
            "62": "A",
            "63": "G",
            "64": "E",
            "65": "H",
            "66": "B",
            "67": "B",
            "68": "J",
            "69": "E",
            "70": "F",
            "71": "I",
            "0": " C",
            "1": " J",
            "2": " F",
            "3": " H",
            "4": " E",
            "5": " G",
            "6": " I",
            "7": " D",
            "8": " E",
            "9": " B",
            "10": " B",
            "11": " A",
            "12": " J",
            "13": " F",
            "14": " E",
            "15": " A",
            "16": " E",
            "17": " G",
            "18": " B",
            "19": " I",
            "20": " H",
            "21": " D",
            "22": " B",
            "23": " C",
            "24": " D",
            "25": " H",
            "26": " E",
            "27": " B",
            "28": " B",
            "29": " C",
            "30": " E",
            "31": " G",
            "32": " I",
            "33": " J",
            "34": " A",
            "35": " F",
            "36": " I",
            "37": " A",
            "38": " E",
            "39": " E",
            "40": " B",
            "41": " F",
            "42": " G",
            "43": " H",
            "44": " J",
            "45": " D",
            "46": " B",
            "47": " C",
            "48": " G",
            "49": " E",
            "50": " E",
            "51": " I",
            "52": " H",
            "53": " B",
            "54": " C",
            "55": " A",
            "56": " F",
            "57": " B",
            "58": " D",
            "59": " J"
        },
        "Seq2": {
            "60": "D",
            "61": "E",
            "62": "B",
            "63": "E",
            "64": "H",
            "65": "I",
            "66": "J",
            "67": "C",
            "68": "A",
            "69": "F",
            "70": "G",
            "71": "B",
            "0": " D",
            "1": " A",
            "2": " G",
            "3": " I",
            "4": " F",
            "5": " E",
            "6": " B",
            "7": " E",
            "8": " H",
            "9": " C",
            "10": " J",
            "11": " B",
            "12": " A",
            "13": " G",
            "14": " F",
            "15": " B",
            "16": " H",
            "17": " E",
            "18": " C",
            "19": " B",
            "20": " I",
            "21": " E",
            "22": " J",
            "23": " D",
            "24": " E",
            "25": " I",
            "26": " H",
            "27": " C",
            "28": " J",
            "29": " D",
            "30": " F",
            "31": " E",
            "32": " B",
            "33": " A",
            "34": " B",
            "35": " G",
            "36": " B",
            "37": " B",
            "38": " F",
            "39": " H",
            "40": " C",
            "41": " G",
            "42": " E",
            "43": " I",
            "44": " A",
            "45": " E",