{
    "seqs": [
        [
            5,
            6,
            4,
            0,
            7,
            4
        ],
        [
            8,
            1,
            9,
            3,
            2,
            2
        ],
        [
            4,
            7,
            8,
            2,
            0,
            8
        ],
        [
            1,
            2,
            3,
            4,
            6,
            3
        ],
        [
            7,
            8,
            1,
            0,
            3,
            0
        ],
        [
            1,
            9,
            0,
            3,
            5,
            0
        ],
        [
            2,
            3,
            4,
            1,
            6,
            6
        ],
        [
            6,
            4,
            7,
            2,
            8,
            7
        ],
        [
            4,
            5,
            6,
            7,
            0,
            6
        ],
        [
            9,
            0,
            1,
            4,
            5,
            1
        ],
        [
            3,
            4,
            5,
            8,
            7,
            7
        ],
        [
            0,
            1,
            2,
            5,
            7,
            2
        ]
    ],
    "response": [
        "correct",
        "wrong",
        "correct",
        "correct",
        "wrong",
        "correct",
        "wrong",
        "correct",
        "correct",
        "correct",
        "wrong",
        "correct"
    ],
    "performance-test": 0.666666666666667,
    "performance-learning": [
        0.25,
        0.75,
        0.583333333333333,
        0.666666666666667,
        1.0
    ],
    "blocks": {
        "Block": {
            "60": 0,
            "61": 0,
            "62": 0,
            "63": 0,
            "64": 0,
            "65": 0,
            "66": 0,
            "67": 0,
            "68": 0,
            "69": 0,
            "70": 0,
            "71": 0,
            "0": 1,
            "1": 1,
            "2": 1,
            "3": 1,
            "4": 1,
            "5": 1,
            "6": 1,
            "7": 1,
            "8": 1,
            "9": 1,
            "10": 1,
            "11": 1,
            "12": 2,
            "13": 2,
            "14": 2,
            "15": 2,
            "16": 2,
            "17": 2,
            "18": 2,
            "19": 2,
            "20": 2,
            "21": 2,
            "22": 2,
            "23": 2,
            "24": 3,
            "25": 3,
            "26": 3,
            "27": 3,
            "28": 3,
            "29": 3,
            "30": 3,
            "31": 3,
            "32": 3,
            "33": 3,
            "34": 3,
            "35": 3,
            "36": 4,
            "37": 4,
            "38": 4,
            "39": 4,
            "40": 4,
            "41": 4,
            "42": 4,
            "43": 4,
            "44": 4,
            "45": 4,
            "46": 4,
            "47": 4,
            "48": 5,
            "49": 5,
            "50": 5,
            "51": 5,
            "52": 5,
            "53": 5,
            "54": 5,
            "55": 5,
            "56": 5,
            "57": 5,
            "58": 5,
            "59": 5
        },
        "Trial": {
            "60": 1,
            "61": 2,
            "62": 3,
            "63": 4,
            "64": 5,
            "65": 6,
            "66": 7,
            "67": 8,
            "68": 9,
            "69": 10,
            "70": 11,
            "71": 12,
            "0": 1,
            "1": 2,
            "2": 3,
            "3": 4,
            "4": 5,
            "5": 6,
            "6": 7,
            "7": 8,
            "8": 9,
            "9": 10,
            "10": 11,
            "11": 12,
            "12": 1,
            "13": 2,
            "14": 3,
            "15": 4,
            "16": 5,
            "17": 6,
            "18": 7,
            "19": 8,
            "20": 9,
            "21": 10,
            "22": 11,
            "23": 12,
            "24": 1,
            "25": 2,
            "26": 3,
            "27": 4,
            "28": 5,
            "29": 6,
            "30": 7,
            "31": 8,
            "32": 9,
            "33": 10,
            "34": 11,
            "35": 12,
            "36": 1,
            "37": 2,
            "38": 3,
            "39": 4,
            "40": 5,
            "41": 6,
            "42": 7,
            "43": 8,
            "44": 9,
            "45": 10,
            "46": 11,
            "47": 12,
            "48": 1,
            "49": 2,
            "50": 3,
            "51": 4,
            "52": 5,
            "53": 6,
            "54": 7,
            "55": 8,
            "56": 9,
            "57": 10,
            "58": 11,
            "59": 12
        },
        "Seq1": {
            "60": "F",
            "61": "I",
            "62": "E",
            "63": "B",
            "64": "H",
            "65": "B",
            "66": "C",
            "67": "G",
            "68": "E",
            "69": "J",
            "70": "D",
            "71": "A",
            "0": " B",
            "1": " A",
            "2": " E",
            "3": " F",
            "4": " E",
            "5": " H",
            "6": " B",
            "7": " C",
            "8": " G",
            "9": " J",
            "10": " D",
            "11": " I",
            "12": " E",
            "13": " J",
            "14": " B",
            "15": " C",
            "16": " D",
            "17": " H",
            "18": " E",
            "19": " A",
            "20": " I",
            "21": " B",
            "22": " G",
            "23": " F",
            "24": " J",
            "25": " C",
            "26": " B",
            "27": " E",
            "28": " B",
            "29": " E",
            "30": " H",
            "31": " F",
            "32": " D",
            "33": " G",
            "34": " I",
            "35": " A",
            "36": " C",
            "37": " I",
            "38": " E",
            "39": " E",
            "40": " A",
            "41": " B",
            "42": " B",
            "43": " G",
            "44": " F",
            "45": " D",
            "46": " J",
            "47": " H",
            "48": " H",
            "49": " E",
            "50": " E",
            "51": " D",
            "52": " J",
            "53": " I",
            "54": " C",
            "55": " G",
            "56": " B",
            "57": " B",
            "58": " A",
            "59": " F"
        },
        "Seq2": {
            "60": "G",
            "61": "B",
            "62": "H",
            "63": "C",
            "64": "I",
            "65": "J",
            "66": "D",
            "67": "E",
            "68": "F",
            "69": "A",
            "70": "E",
            "71": "B",
            "0": " J",
            "1": " B",
            "2": " H",
            "3": " G",
            "4": " F",
            "5": " I",
            "6": " C",
            "7": " D",
            "8": " E",
            "9": " A",
            "10": " E",
            "11": " B",
            "12": " F",
            "13": " A",
            "14": " C",
            "15": " D",
            "16": " E",
            "17": " I",
            "18": " H",
            "19": " B",
            "20": " B",
            "21": " J",
            "22": " E",
            "23": " G",
            "24": " A",
            "25": " D",
            "26": " J",
            "27": " F",
            "28": " C",
            "29": " H",
            "30": " I",
            "31": " G",
            "32": " E",
            "33": " E",
            "34": " B",
            "35": " B",
            "36": " D",
            "37": " B",
            "38": " H",
            "39": " F",
            "40": " B",
            "41": " J",
            "42": " C",
            "43": " E",
            "44": " G",
            "45": " E",