{
    "seqs": [
        [
            1,
            2,
            3,
            7,
            6,
            3
        ],
        [
            9,
            0,
            1,
            5,
            4,
            1
        ],
        [
            5,
            6,
            4,
            1,
            9,
            4
        ],
        [
            4,
            5,
            6,
            8,
            0,
            6
        ],
        [
            3,
            4,
            5,
            9,
            6,
            5
        ],
        [
            0,
            1,
            2,
            3,
            4,
            2
        ],
        [
            2,
            3,
            4,
            6,
            8,
            6
        ],
        [
            7,
            8,
            1,
            0,
            4,
            1
        ],
        [
            4,
            7,
            8,
            3,
            9,
            9
        ],
        [
            6,
            4,
            7,
            8,
            0,
            7
        ],
        [
            8,
            1,
            9,
            0,
            5,
            9
        ],
        [
            1,
            9,
            0,
            2,
            4,
            0
        ]
    ],
    "response": [
        "correct",
        "correct",
        "correct",
        "correct",
        "correct",
        "correct",
        "wrong",
        "correct",
        "wrong",
        "correct",
        "correct",
        "correct"
    ],
    "performance-test": 0.833333333333333,
    "performance-learning": [
        0.25,
        0.5,
        0.75,
        0.75,
        0.833333333333333
    ],
    "blocks": {
        "Block": {
            "60": 0,
            "61": 0,
            "62": 0,
            "63": 0,
            "64": 0,
            "65": 0,
            "66": 0,
            "67": 0,
            "68": 0,
            "69": 0,
            "70": 0,
            "71": 0,
            "0": 1,
            "1": 1,
            "2": 1,
            "3": 1,
            "4": 1,
            "5": 1,
            "6": 1,
            "7": 1,
            "8": 1,
            "9": 1,
            "10": 1,
            "11": 1,
            "12": 2,
            "13": 2,
            "14": 2,
            "15": 2,
            "16": 2,
            "17": 2,
            "18": 2,
            "19": 2,
            "20": 2,
            "21": 2,
            "22": 2,
            "23": 2,
            "24": 3,
            "25": 3,
            "26": 3,
            "27": 3,
            "28": 3,
            "29": 3,
            "30": 3,
            "31": 3,
            "32": 3,
            "33": 3,
            "34": 3,
            "35": 3,
            "36": 4,
            "37": 4,
            "38": 4,
            "39": 4,
            "40": 4,
            "41": 4,
            "42": 4,
            "43": 4,
            "44": 4,
            "45": 4,
            "46": 4,
            "47": 4,
            "48": 5,
            "49": 5,
            "50": 5,
            "51": 5,
            "52": 5,
            "53": 5,
            "54": 5,
            "55": 5,
            "56": 5,
            "57": 5,
            "58": 5,
            "59": 5
        },
        "Trial": {
            "60": 1,
            "61": 2,
            "62": 3,
            "63": 4,
            "64": 5,
            "65": 6,
            "66": 7,
            "67": 8,
            "68": 9,
            "69": 10,
            "70": 11,
            "71": 12,
            "0": 1,
            "1": 2,
            "2": 3,
            "3": 4,
            "4": 5,
            "5": 6,
            "6": 7,
            "7": 8,
            "8": 9,
            "9": 10,
            "10": 11,
            "11": 12,
            "12": 1,
            "13": 2,
            "14": 3,
            "15": 4,
            "16": 5,
            "17": 6,
            "18": 7,
            "19": 8,
            "20": 9,
            "21": 10,
            "22": 11,
            "23": 12,
            "24": 1,
            "25": 2,
            "26": 3,
            "27": 4,
            "28": 5,
            "29": 6,
            "30": 7,
            "31": 8,
            "32": 9,
            "33": 10,
            "34": 11,
            "35": 12,
            "36": 1,
            "37": 2,
            "38": 3,
            "39": 4,
            "40": 5,
            "41": 6,
            "42": 7,
            "43": 8,
            "44": 9,
            "45": 10,
            "46": 11,
            "47": 12,
            "48": 1,
            "49": 2,
            "50": 3,
            "51": 4,
            "52": 5,
            "53": 6,
            "54": 7,
            "55": 8,
            "56": 9,
            "57": 10,
            "58": 11,
            "59": 12
        },
        "Seq1": {
            "60": "B",
            "61": "J",
            "62": "F",
            "63": "E",
            "64": "D",
            "65": "A",
            "66": "C",
            "67": "H",
            "68": "E",
            "69": "G",
            "70": "I",
            "71": "B",
            "0": " E",
            "1": " I",
            "2": " B",
            "3": " A",
            "4": " B",
            "5": " E",
            "6": " J",
            "7": " F",
            "8": " H",
            "9": " D",
            "10": " G",
            "11": " C",
            "12": " A",
            "13": " J",
            "14": " B",
            "15": " I",
            "16": " C",
            "17": " H",
            "18": " D",
            "19": " E",
            "20": " G",
            "21": " B",
            "22": " E",
            "23": " F",
            "24": " B",
            "25": " E",
            "26": " B",
            "27": " C",
            "28": " D",
            "29": " J",
            "30": " E",
            "31": " G",
            "32": " A",
            "33": " I",
            "34": " H",
            "35": " F",
            "36": " E",
            "37": " E",
            "38": " A",
            "39": " J",
            "40": " B",
            "41": " H",
            "42": " C",
            "43": " I",
            "44": " F",
            "45": " D",
            "46": " G",
            "47": " B",
            "48": " J",
            "49": " F",
            "50": " B",
            "51": " B",
            "52": " A",
            "53": " C",
            "54": " G",
            "55": " E",
            "56": " D",
            "57": " E",
            "58": " I",
            "59": " H"
        },
        "Seq2": {
            "60": "C",
            "61": "A",
            "62": "G",
            "63": "F",
            "64": "E",
            "65": "B",
            "66": "D",
            "67": "I",
            "68": "H",
            "69": "E",
            "70": "B",
            "71": "J",
            "0": " F",
            "1": " B",
            "2": " J",
            "3": " B",
            "4": " C",
            "5": " H",
            "6": " A",
            "7": " G",
            "8": " I",
            "9": " E",
            "10": " E",
            "11": " D",
            "12": " B",
            "13": " A",
            "14": " C",
            "15": " B",
            "16": " D",
            "17": " I",
            "18": " E",
            "19": " H",
            "20": " E",
            "21": " J",
            "22": " F",
            "23": " G",
            "24": " J",
            "25": " H",
            "26": " C",
            "27": " D",
            "28": " E",
            "29": " A",
            "30": " F",
            "31": " E",
            "32": " B",
            "33": " B",
            "34": " I",
            "35": " G",
            "36": " H",
            "37": " F",
            "38": " B",
            "39": " A",
            "40": " C",
            "41": " I",
            "42": " D",
            "43": " B",
            "44": " G",
            "45": " E",
            "46": " E",