{
    "seqs": [
        [
            9,
            0,
            1,
            5,
            2,
            1
        ],
        [
            1,
            9,
            0,
            4,
            2,
            2
        ],
        [
            3,
            4,
            5,
            8,
            7,
            5
        ],
        [
            6,
            4,
            7,
            1,
            0,
            0
        ],
        [
            5,
            6,
            4,
            8,
            1,
            4
        ],
        [
            8,
            1,
            9,
            4,
            0,
            9
        ],
        [
            2,
            3,
            4,
            5,
            8,
            4
        ],
        [
            1,
            2,
            3,
            7,
            4,
            3
        ],
        [
            7,
            8,
            1,
            0,
            2,
            2
        ],
        [
            4,
            7,
            8,
            2,
            9,
            9
        ],
        [
            4,
            5,
            6,
            7,
            1,
            6
        ],
        [
            0,
            1,
            2,
            7,
            4,
            4
        ]
    ],
    "response": [
        "correct",
        "wrong",
        "correct",
        "wrong",
        "correct",
        "correct",
        "correct",
        "correct",
        "wrong",
        "wrong",
        "correct",
        "wrong"
    ],
    "performance-test": 0.583333333333333,
    "performance-learning": [
        0.333333333333333,
        0.25,
        0.416666666666667,
        0.333333333333333,
        0.25,
        0.5
    ]
}