{
    "seqs": [
        [
            1,
            9,
            0,
            6,
            2,
            0
        ],
        [
            5,
            6,
            4,
            0,
            1,
            4
        ],
        [
            7,
            8,
            1,
            3,
            0,
            1
        ],
        [
            0,
            1,
            2,
            4,
            6,
            2
        ],
        [
            6,
            4,
            7,
            8,
            2,
            7
        ],
        [
            9,
            0,
            1,
            6,
            2,
            1
        ],
        [
            1,
            2,
            3,
            4,
            7,
            3
        ],
        [
            4,
            7,
            8,
            9,
            1,
            8
        ],
        [
            2,
            3,
            4,
            5,
            7,
            4
        ],
        [
            8,
            1,
            9,
            4,
            0,
            9
        ],
        [
            3,
            4,
            5,
            8,
            7,
            7
        ],
        [
            4,
            5,
            6,
            9,
            7,
            6
        ]
    ],
    "response": [
        "correct",
        "correct",
        "correct",
        "correct",
        "correct",
        "correct",
        "correct",
        "correct",
        "correct",
        "correct",
        "wrong",
        "correct"
    ],
    "performance-test": 0.916666666666667,
    "performance-learning": [
        0.416666666666667,
        0.333333333333333,
        1.0
    ],
    "blocks": {
        "Block": {
            "36": 0,
            "37": 0,
            "38": 0,
            "39": 0,
            "40": 0,
            "41": 0,
            "42": 0,
            "43": 0,
            "44": 0,
            "45": 0,
            "46": 0,
            "47": 0,
            "0": 1,
            "1": 1,
            "2": 1,
            "3": 1,
            "4": 1,
            "5": 1,
            "6": 1,
            "7": 1,
            "8": 1,
            "9": 1,
            "10": 1,
            "11": 1,
            "12": 2,
            "13": 2,
            "14": 2,
            "15": 2,
            "16": 2,
            "17": 2,
            "18": 2,
            "19": 2,
            "20": 2,
            "21": 2,
            "22": 2,
            "23": 2,
            "24": 3,
            "25": 3,
            "26": 3,
            "27": 3,
            "28": 3,
            "29": 3,
            "30": 3,
            "31": 3,
            "32": 3,
            "33": 3,
            "34": 3,
            "35": 3
        },
        "Trial": {
            "36": 1,
            "37": 2,
            "38": 3,
            "39": 4,
            "40": 5,
            "41": 6,
            "42": 7,
            "43": 8,
            "44": 9,
            "45": 10,
            "46": 11,
            "47": 12,
            "0": 1,
            "1": 2,
            "2": 3,
            "3": 4,
            "4": 5,
            "5": 6,
            "6": 7,
            "7": 8,
            "8": 9,
            "9": 10,
            "10": 11,
            "11": 12,
            "12": 1,
            "13": 2,
            "14": 3,
            "15": 4,
            "16": 5,
            "17": 6,
            "18": 7,
            "19": 8,
            "20": 9,
            "21": 10,
            "22": 11,
            "23": 12,
            "24": 1,
            "25": 2,
            "26": 3,
            "27": 4,
            "28": 5,
            "29": 6,
            "30": 7,
            "31": 8,
            "32": 9,
            "33": 10,
            "34": 11,
            "35": 12
        },
        "Seq1": {
            "36": "B",
            "37": "F",
            "38": "H",
            "39": "A",
            "40": "G",
            "41": "J",
            "42": "B",
            "43": "E",
            "44": "C",
            "45": "I",
            "46": "D",
            "47": "E",
            "0": " J",
            "1": " D",
            "2": " G",
            "3": " H",
            "4": " I",
            "5": " B",
            "6": " B",
            "7": " E",
            "8": " E",
            "9": " C",
            "10": " F",
            "11": " A",
            "12": " B",
            "13": " F",
            "14": " D",
            "15": " J",
            "16": " C",
            "17": " E",
            "18": " I",
            "19": " E",
            "20": " H",
            "21": " G",
            "22": " A",
            "23": " B",
            "24": " J",
            "25": " F",
            "26": " B",
            "27": " E",
            "28": " C",
            "29": " A",
            "30": " B",
            "31": " E",
            "32": " I",
            "33": " H",
            "34": " G",
            "35": " D"
        },
        "Seq2": {
            "36": "J",
            "37": "G",
            "38": "I",
            "39": "B",
            "40": "E",
            "41": "A",
            "42": "C",
            "43": "H",
            "44": "D",
            "45": "B",
            "46": "E",
            "47": "F",
            "0": " A",
            "1": " E",
            "2": " E",
            "3": " I",
            "4": " B",
            "5": " J",
            "6": " C",
            "7": " H",
            "8": " F",
            "9": " D",
            "10": " G",
            "11": " B",
            "12": " C",
            "13": " G",
            "14": " E",
            "15": " A",
            "16": " D",
            "17": " H",
            "18": " B",
            "19": " F",
            "20": " I",
            "21": " E",
            "22": " B",
            "23": " J",
            "24": " A",
            "25": " G",
            "26": " C",
            "27": " H",
            "28": " D",
            "29": " B",
            "30": " J",
            "31": " F",
            "32": " B",
            "33": " I",
            "34": " E",
            "35": " E"
        },
        "option1": {
            "36": "A",
            "37": "A",
            "38": "D",
            "39": "E",
            "40": "I",
            "41": "B",
            "42": "E",
            "43": "J",
            "44": "E",
            "45": "J",
            "46": "F",
            "47": "J",
            "0": " G",
            "1": " F",
            "2": " B",
            "3": " A",
            "4": " A",
            "5": " A",
            "6": " D",
            "7": " I",
            "8": " J",
            "9": " E",
            "10": " E",
            "11": " E",
            "12": " D",
            "13": " J",
            "14": " H",
            "15": " B",
            "16": " E",
            "17": " B",
            "18": " A",
            "19": " H",
            "20": " B",
            "21": " H",
            "22": " H",
            "23": " F",
            "24": " B",
            "25": " B",
            "26": " E",
            "27": " I",
            "28": " G",
            "29": " G",
            "30": " F",
            "31": " H",
            "32": " J",
            "33": " J",
            "34": " B",
            "35": " G"
        },
        "option2": {
            "36": "G",
            "37": "B",
            "38": "A",
            "39": "C",
            "40": "H",
            "41": "G",
            "42": "D",
            "43": "I",
            "44": "F",
            "45": "E",
            "46": "I",
            "47": "H",
            "0": " C",
            "1": " G",
            "2": " H",
            "3": " B",
            "4": " E",
            "5": " G",
            "6": " F",
            "7": " B",
            "8": " G",
            "9": " F",
            "10": " A",
            "11": " C",
            "12": " H",
            "13": " I",
            "14": " F",
            "15": " C",
            "16": " G",