{
    "seqs": [
        [
            7,
            8,
            1,
            4,
            0,
            1
        ],
        [
            6,
            4,
            7,
            2,
            9,
            2
        ],
        [
            0,
            1,
            2,
            5,
            7,
            7
        ],
        [
            4,
            5,
            6,
            1,
            8,
            6
        ],
        [
            8,
            1,
            9,
            2,
            4,
            4
        ],
        [
            9,
            0,
            1,
            3,
            5,
            3
        ],
        [
            5,
            6,
            4,
            7,
            9,
            7
        ],
        [
            1,
            9,
            0,
            6,
            2,
            0
        ],
        [
            1,
            2,
            3,
            4,
            6,
            3
        ],
        [
            2,
            3,
            4,
            7,
            6,
            4
        ],
        [
            3,
            4,
            5,
            6,
            1,
            6
        ],
        [
            4,
            7,
            8,
            0,
            2,
            2
        ]
    ],
    "response": [
        "correct",
        "wrong",
        "wrong",
        "correct",
        "wrong",
        "wrong",
        "wrong",
        "correct",
        "correct",
        "correct",
        "wrong",
        "wrong"
    ],
    "performance-test": 0.416666666666667,
    "performance-learning": [
        0.25,
        0.0833333333333333,
        0.333333333333333,
        0.416666666666667,
        0.666666666666667,
        0.5
    ]
}