{
    "seqs": [
        [
            1,
            2,
            3,
            7,
            6,
            3
        ],
        [
            9,
            0,
            1,
            5,
            4,
            1
        ],
        [
            5,
            6,
            4,
            1,
            9,
            4
        ],
        [
            4,
            5,
            6,
            8,
            0,
            6
        ],
        [
            3,
            4,
            5,
            9,
            6,
            5
        ],
        [
            0,
            1,
            2,
            3,
            4,
            2
        ],
        [
            2,
            3,
            4,
            6,
            8,
            6
        ],
        [
            7,
            8,
            1,
            0,
            4,
            1
        ],
        [
            4,
            7,
            8,
            3,
            9,
            9
        ],
        [
            6,
            4,
            7,
            8,
            0,
            7
        ],
        [
            8,
            1,
            9,
            0,
            5,
            9
        ],
        [
            1,
            9,
            0,
            2,
            4,
            0
        ]
    ],
    "response": [
        "correct",
        "correct",
        "correct",
        "correct",
        "correct",
        "correct",
        "wrong",
        "correct",
        "wrong",
        "correct",
        "correct",
        "correct"
    ],
    "performance-test": 0.833333333333333,
    "performance-learning": [
        0.25,
        0.5,
        0.75,
        0.75,
        0.833333333333333
    ]
}