{
    "seqs": [
        [
            8,
            1,
            9,
            4,
            2,
            9
        ],
        [
            4,
            7,
            8,
            3,
            9,
            9
        ],
        [
            2,
            3,
            4,
            7,
            6,
            4
        ],
        [
            6,
            4,
            7,
            0,
            1,
            7
        ],
        [
            1,
            9,
            0,
            6,
            3,
            0
        ],
        [
            4,
            5,
            6,
            9,
            7,
            6
        ],
        [
            0,
            1,
            2,
            7,
            4,
            2
        ],
        [
            7,
            8,
            1,
            0,
            3,
            1
        ],
        [
            3,
            4,
            5,
            6,
            9,
            5
        ],
        [
            9,
            0,
            1,
            6,
            4,
            1
        ],
        [
            5,
            6,
            4,
            0,
            1,
            4
        ],
        [
            1,
            2,
            3,
            4,
            8,
            3
        ]
    ],
    "response": [
        "correct",
        "wrong",
        "correct",
        "correct",
        "correct",
        "correct",
        "correct",
        "correct",
        "correct",
        "correct",
        "correct",
        "correct"
    ],
    "performance-test": 0.916666666666667,
    "performance-learning": [
        0.25,
        0.583333333333333,
        0.666666666666667,
        0.416666666666667,
        0.916666666666667
    ],
    "blocks": {
        "Block": {
            "60": 0,
            "61": 0,
            "62": 0,
            "63": 0,
            "64": 0,
            "65": 0,
            "66": 0,
            "67": 0,
            "68": 0,
            "69": 0,
            "70": 0,
            "71": 0,
            "0": 1,
            "1": 1,
            "2": 1,
            "3": 1,
            "4": 1,
            "5": 1,
            "6": 1,
            "7": 1,
            "8": 1,
            "9": 1,
            "10": 1,
            "11": 1,
            "12": 2,
            "13": 2,
            "14": 2,
            "15": 2,
            "16": 2,
            "17": 2,
            "18": 2,
            "19": 2,
            "20": 2,
            "21": 2,
            "22": 2,
            "23": 2,
            "24": 3,
            "25": 3,
            "26": 3,
            "27": 3,
            "28": 3,
            "29": 3,
            "30": 3,
            "31": 3,
            "32": 3,
            "33": 3,
            "34": 3,
            "35": 3,
            "36": 4,
            "37": 4,
            "38": 4,
            "39": 4,
            "40": 4,
            "41": 4,
            "42": 4,
            "43": 4,
            "44": 4,
            "45": 4,
            "46": 4,
            "47": 4,
            "48": 5,
            "49": 5,
            "50": 5,
            "51": 5,
            "52": 5,
            "53": 5,
            "54": 5,
            "55": 5,
            "56": 5,
            "57": 5,
            "58": 5,
            "59": 5
        },
        "Trial": {
            "60": 1,
            "61": 2,
            "62": 3,
            "63": 4,
            "64": 5,
            "65": 6,
            "66": 7,
            "67": 8,
            "68": 9,
            "69": 10,
            "70": 11,
            "71": 12,
            "0": 1,
            "1": 2,
            "2": 3,
            "3": 4,
            "4": 5,
            "5": 6,
            "6": 7,
            "7": 8,
            "8": 9,
            "9": 10,
            "10": 11,
            "11": 12,
            "12": 1,
            "13": 2,
            "14": 3,
            "15": 4,
            "16": 5,
            "17": 6,
            "18": 7,
            "19": 8,
            "20": 9,
            "21": 10,
            "22": 11,
            "23": 12,
            "24": 1,
            "25": 2,
            "26": 3,
            "27": 4,
            "28": 5,
            "29": 6,
            "30": 7,
            "31": 8,
            "32": 9,
            "33": 10,
            "34": 11,
            "35": 12,
            "36": 1,
            "37": 2,
            "38": 3,
            "39": 4,
            "40": 5,
            "41": 6,
            "42": 7,
            "43": 8,
            "44": 9,
            "45": 10,
            "46": 11,
            "47": 12,
            "48": 1,
            "49": 2,
            "50": 3,
            "51": 4,
            "52": 5,
            "53": 6,
            "54": 7,
            "55": 8,
            "56": 9,
            "57": 10,
            "58": 11,
            "59": 12
        },
        "Seq1": {
            "60": "I",
            "61": "E",
            "62": "C",
            "63": "G",
            "64": "B",
            "65": "E",
            "66": "A",
            "67": "H",
            "68": "D",
            "69": "J",
            "70": "F",
            "71": "B",
            "0": " H",
            "1": " E",
            "2": " C",
            "3": " F",
            "4": " B",
            "5": " D",
            "6": " B",
            "7": " G",
            "8": " J",
            "9": " E",
            "10": " A",
            "11": " I",
            "12": " B",
            "13": " E",
            "14": " G",
            "15": " H",
            "16": " J",
            "17": " D",
            "18": " F",
            "19": " A",
            "20": " C",
            "21": " B",
            "22": " E",
            "23": " I",
            "24": " J",
            "25": " C",
            "26": " I",
            "27": " B",
            "28": " E",
            "29": " F",
            "30": " A",
            "31": " E",
            "32": " B",
            "33": " G",
            "34": " H",
            "35": " D",
            "36": " F",
            "37": " E",
            "38": " J",
            "39": " I",
            "40": " H",
            "41": " D",
            "42": " C",
            "43": " B",
            "44": " E",
            "45": " G",
            "46": " A",
            "47": " B",
            "48": " F",
            "49": " D",
            "50": " A",
            "51": " J",
            "52": " E",
            "53": " I",
            "54": " B",
            "55": " B",
            "56": " E",
            "57": " C",
            "58": " G",
            "59": " H"
        },
        "Seq2": {
            "60": "B",
            "61": "H",
            "62": "D",
            "63": "E",
            "64": "J",
            "65": "F",
            "66": "B",
            "67": "I",
            "68": "E",
            "69": "A",
            "70": "G",
            "71": "C",
            "0": " I",
            "1": " F",
            "2": " D",
            "3": " G",
            "4": " J",
            "5": " E",
            "6": " C",
            "7": " E",
            "8": " A",
            "9": " H",
            "10": " B",
            "11": " B",
            "12": " C",
            "13": " F",
            "14": " E",
            "15": " I",
            "16": " A",
            "17": " E",
            "18": " G",
            "19": " B",
            "20": " D",
            "21": " J",
            "22": " H",
            "23": " B",
            "24": " A",
            "25": " D",
            "26": " B",
            "27": " C",
            "28": " F",
            "29": " G",
            "30": " B",
            "31": " H",
            "32": " J",
            "33": " E",
            "34": " I",
            "35": " E",
            "36": " G",
            "37": " H",
            "38": " A",
            "39": " B",
            "40": " I",
            "41": " E",
            "42": " D",
            "43": " J",
            "44": " F",