{
    "seqs": [
        [
            1,
            2,
            3,
            6,
            7,
            3
        ],
        [
            0,
            1,
            2,
            5,
            4,
            2
        ],
        [
            7,
            8,
            1,
            3,
            0,
            1
        ],
        [
            5,
            6,
            4,
            1,
            8,
            4
        ],
        [
            3,
            4,
            5,
            9,
            7,
            7
        ],
        [
            1,
            9,
            0,
            4,
            3,
            0
        ],
        [
            2,
            3,
            4,
            7,
            5,
            4
        ],
        [
            6,
            4,
            7,
            1,
            9,
            7
        ],
        [
            8,
            1,
            9,
            0,
            3,
            9
        ],
        [
            4,
            7,
            8,
            3,
            0,
            8
        ],
        [
            9,
            0,
            1,
            6,
            4,
            1
        ],
        [
            4,
            5,
            6,
            0,
            7,
            6
        ]
    ],
    "response": [
        "correct",
        "correct",
        "correct",
        "correct",
        "wrong",
        "correct",
        "correct",
        "correct",
        "correct",
        "correct",
        "correct",
        "correct"
    ],
    "performance-test": 0.916666666666667,
    "performance-learning": [
        0.5,
        0.666666666666667,
        0.833333333333333
    ],
    "blocks": {
        "Block": {
            "36": 0,
            "37": 0,
            "38": 0,
            "39": 0,
            "40": 0,
            "41": 0,
            "42": 0,
            "43": 0,
            "44": 0,
            "45": 0,
            "46": 0,
            "47": 0,
            "0": 1,
            "1": 1,
            "2": 1,
            "3": 1,
            "4": 1,
            "5": 1,
            "6": 1,
            "7": 1,
            "8": 1,
            "9": 1,
            "10": 1,
            "11": 1,
            "12": 2,
            "13": 2,
            "14": 2,
            "15": 2,
            "16": 2,
            "17": 2,
            "18": 2,
            "19": 2,
            "20": 2,
            "21": 2,
            "22": 2,
            "23": 2,
            "24": 3,
            "25": 3,
            "26": 3,
            "27": 3,
            "28": 3,
            "29": 3,
            "30": 3,
            "31": 3,
            "32": 3,
            "33": 3,
            "34": 3,
            "35": 3
        },
        "Trial": {
            "36": 1,
            "37": 2,
            "38": 3,
            "39": 4,
            "40": 5,
            "41": 6,
            "42": 7,
            "43": 8,
            "44": 9,
            "45": 10,
            "46": 11,
            "47": 12,
            "0": 1,
            "1": 2,
            "2": 3,
            "3": 4,
            "4": 5,
            "5": 6,
            "6": 7,
            "7": 8,
            "8": 9,
            "9": 10,
            "10": 11,
            "11": 12,
            "12": 1,
            "13": 2,
            "14": 3,
            "15": 4,
            "16": 5,
            "17": 6,
            "18": 7,
            "19": 8,
            "20": 9,
            "21": 10,
            "22": 11,
            "23": 12,
            "24": 1,
            "25": 2,
            "26": 3,
            "27": 4,
            "28": 5,
            "29": 6,
            "30": 7,
            "31": 8,
            "32": 9,
            "33": 10,
            "34": 11,
            "35": 12
        },
        "Seq1": {
            "36": "B",
            "37": "A",
            "38": "H",
            "39": "F",
            "40": "D",
            "41": "B",
            "42": "C",
            "43": "G",
            "44": "I",
            "45": "E",
            "46": "J",
            "47": "E",
            "0": " B",
            "1": " A",
            "2": " G",
            "3": " D",
            "4": " H",
            "5": " C",
            "6": " I",
            "7": " B",
            "8": " E",
            "9": " E",
            "10": " F",
            "11": " J",
            "12": " B",
            "13": " I",
            "14": " G",
            "15": " B",
            "16": " H",
            "17": " E",
            "18": " D",
            "19": " C",
            "20": " E",
            "21": " F",
            "22": " J",
            "23": " A",
            "24": " E",
            "25": " E",
            "26": " A",
            "27": " C",
            "28": " J",
            "29": " B",
            "30": " B",
            "31": " D",
            "32": " H",
            "33": " G",
            "34": " F",
            "35": " I"
        },
        "Seq2": {
            "36": "C",
            "37": "B",
            "38": "I",
            "39": "G",
            "40": "E",
            "41": "J",
            "42": "D",
            "43": "E",
            "44": "B",
            "45": "H",
            "46": "A",
            "47": "F",
            "0": " J",
            "1": " B",
            "2": " E",
            "3": " E",
            "4": " I",
            "5": " D",
            "6": " B",
            "7": " C",
            "8": " F",
            "9": " H",
            "10": " G",
            "11": " A",
            "12": " C",
            "13": " B",
            "14": " E",
            "15": " J",
            "16": " I",
            "17": " H",
            "18": " E",
            "19": " D",
            "20": " F",
            "21": " G",
            "22": " A",
            "23": " B",
            "24": " F",
            "25": " H",
            "26": " B",
            "27": " D",
            "28": " A",
            "29": " C",
            "30": " J",
            "31": " E",
            "32": " I",
            "33": " E",
            "34": " G",
            "35": " B"
        },
        "option1": {
            "36": "G",
            "37": "F",
            "38": "B",
            "39": "B",
            "40": "J",
            "41": "E",
            "42": "E",
            "43": "H",
            "44": "A",
            "45": "D",
            "46": "G",
            "47": "G",
            "0": " A",
            "1": " H",
            "2": " J",
            "3": " F",
            "4": " C",
            "5": " G",
            "6": " D",
            "7": " D",
            "8": " G",
            "9": " C",
            "10": " B",
            "11": " G",
            "12": " D",
            "13": " D",
            "14": " A",
            "15": " A",
            "16": " C",
            "17": " B",
            "18": " B",
            "19": " B",
            "20": " G",
            "21": " E",
            "22": " G",
            "23": " F",
            "24": " G",
            "25": " I",
            "26": " D",
            "27": " B",
            "28": " G",
            "29": " H",
            "30": " F",
            "31": " I",
            "32": " B",
            "33": " A",
            "34": " B",
            "35": " D"
        },
        "option2": {
            "36": "D",
            "37": "C",
            "38": "D",
            "39": "I",
            "40": "H",
            "41": "D",
            "42": "H",
            "43": "B",
            "44": "J",
            "45": "I",
            "46": "B",
            "47": "A",
            "0": " E",
            "1": " E",
            "2": " H",
            "3": " J",
            "4": " J",
            "5": " E",
            "6": " A",
            "7": " G",
            "8": " A",
            "9": " I",
            "10": " I",
            "11": " B",
            "12": " F",
            "13": " J",
            "14": " H",
            "15": " G",
            "16": " B",