{
    "seqs": [
        [
            4,
            7,
            8,
            2,
            0,
            8
        ],
        [
            3,
            4,
            5,
            7,
            1,
            1
        ],
        [
            2,
            3,
            4,
            1,
            5,
            5
        ],
        [
            4,
            5,
            6,
            8,
            1,
            8
        ],
        [
            8,
            1,
            9,
            0,
            5,
            9
        ],
        [
            1,
            2,
            3,
            4,
            5,
            4
        ],
        [
            7,
            8,
            1,
            9,
            4,
            9
        ],
        [
            9,
            0,
            1,
            4,
            5,
            4
        ],
        [
            5,
            6,
            4,
            8,
            0,
            0
        ],
        [
            1,
            9,
            0,
            5,
            2,
            5
        ],
        [
            0,
            1,
            2,
            4,
            7,
            4
        ],
        [
            6,
            4,
            7,
            9,
            1,
            9
        ]
    ],
    "response": [
        "correct",
        "wrong",
        "wrong",
        "wrong",
        "correct",
        "wrong",
        "wrong",
        "wrong",
        "wrong",
        "wrong",
        "wrong",
        "wrong"
    ],
    "performance-test": 0.166666666666667,
    "performance-learning": [
        0.166666666666667,
        0.25,
        0.333333333333333,
        0.416666666666667,
        0.25,
        0.166666666666667
    ]
}