{
    "seqs": [
        [
            3,
            4,
            5,
            8,
            6,
            5
        ],
        [
            9,
            0,
            1,
            6,
            2,
            1
        ],
        [
            0,
            1,
            2,
            5,
            4,
            2
        ],
        [
            6,
            4,
            7,
            8,
            2,
            7
        ],
        [
            7,
            8,
            1,
            0,
            2,
            1
        ],
        [
            1,
            9,
            0,
            6,
            3,
            0
        ],
        [
            5,
            6,
            4,
            0,
            1,
            4
        ],
        [
            4,
            7,
            8,
            0,
            1,
            8
        ],
        [
            4,
            5,
            6,
            9,
            7,
            6
        ],
        [
            1,
            2,
            3,
            6,
            8,
            3
        ],
        [
            8,
            1,
            9,
            0,
            5,
            5
        ],
        [
            2,
            3,
            4,
            6,
            7,
            4
        ]
    ],
    "response": [
        "correct",
        "correct",
        "correct",
        "correct",
        "correct",
        "correct",
        "correct",
        "correct",
        "correct",
        "correct",
        "wrong",
        "correct"
    ],
    "performance-test": 0.916666666666667,
    "performance-learning": [
        0.166666666666667,
        0.666666666666667,
        0.833333333333333
    ],
    "blocks": {
        "Block": {
            "36": 0,
            "37": 0,
            "38": 0,
            "39": 0,
            "40": 0,
            "41": 0,
            "42": 0,
            "43": 0,
            "44": 0,
            "45": 0,
            "46": 0,
            "47": 0,
            "0": 1,
            "1": 1,
            "2": 1,
            "3": 1,
            "4": 1,
            "5": 1,
            "6": 1,
            "7": 1,
            "8": 1,
            "9": 1,
            "10": 1,
            "11": 1,
            "12": 2,
            "13": 2,
            "14": 2,
            "15": 2,
            "16": 2,
            "17": 2,
            "18": 2,
            "19": 2,
            "20": 2,
            "21": 2,
            "22": 2,
            "23": 2,
            "24": 3,
            "25": 3,
            "26": 3,
            "27": 3,
            "28": 3,
            "29": 3,
            "30": 3,
            "31": 3,
            "32": 3,
            "33": 3,
            "34": 3,
            "35": 3
        },
        "Trial": {
            "36": 1,
            "37": 2,
            "38": 3,
            "39": 4,
            "40": 5,
            "41": 6,
            "42": 7,
            "43": 8,
            "44": 9,
            "45": 10,
            "46": 11,
            "47": 12,
            "0": 1,
            "1": 2,
            "2": 3,
            "3": 4,
            "4": 5,
            "5": 6,
            "6": 7,
            "7": 8,
            "8": 9,
            "9": 10,
            "10": 11,
            "11": 12,
            "12": 1,
            "13": 2,
            "14": 3,
            "15": 4,
            "16": 5,
            "17": 6,
            "18": 7,
            "19": 8,
            "20": 9,
            "21": 10,
            "22": 11,
            "23": 12,
            "24": 1,
            "25": 2,
            "26": 3,
            "27": 4,
            "28": 5,
            "29": 6,
            "30": 7,
            "31": 8,
            "32": 9,
            "33": 10,
            "34": 11,
            "35": 12
        },
        "Seq1": {
            "36": "D",
            "37": "J",
            "38": "A",
            "39": "G",
            "40": "H",
            "41": "B",
            "42": "F",
            "43": "E",
            "44": "E",
            "45": "B",
            "46": "I",
            "47": "C",
            "0": " E",
            "1": " I",
            "2": " F",
            "3": " A",
            "4": " E",
            "5": " H",
            "6": " C",
            "7": " B",
            "8": " D",
            "9": " J",
            "10": " G",
            "11": " B",
            "12": " E",
            "13": " I",
            "14": " A",
            "15": " H",
            "16": " C",
            "17": " F",
            "18": " J",
            "19": " G",
            "20": " E",
            "21": " D",
            "22": " B",
            "23": " B",
            "24": " B",
            "25": " C",
            "26": " E",
            "27": " G",
            "28": " B",
            "29": " E",
            "30": " I",
            "31": " H",
            "32": " J",
            "33": " F",
            "34": " A",
            "35": " D"
        },
        "Seq2": {
            "36": "E",
            "37": "A",
            "38": "B",
            "39": "E",
            "40": "I",
            "41": "J",
            "42": "G",
            "43": "H",
            "44": "F",
            "45": "C",
            "46": "B",
            "47": "D",
            "0": " H",
            "1": " B",
            "2": " G",
            "3": " B",
            "4": " F",
            "5": " I",
            "6": " D",
            "7": " C",
            "8": " E",
            "9": " A",
            "10": " E",
            "11": " J",
            "12": " H",
            "13": " B",
            "14": " B",
            "15": " I",
            "16": " D",
            "17": " G",
            "18": " A",
            "19": " E",
            "20": " F",
            "21": " E",
            "22": " C",
            "23": " J",
            "24": " C",
            "25": " D",
            "26": " F",
            "27": " E",
            "28": " J",
            "29": " H",
            "30": " B",
            "31": " I",
            "32": " A",
            "33": " G",
            "34": " B",
            "35": " E"
        },
        "option1": {
            "36": "F",
            "37": "G",
            "38": "F",
            "39": "I",
            "40": "B",
            "41": "G",
            "42": "E",
            "43": "A",
            "44": "J",
            "45": "G",
            "46": "A",
            "47": "E",
            "0": " C",
            "1": " C",
            "2": " E",
            "3": " G",
            "4": " H",
            "5": " B",
            "6": " E",
            "7": " H",
            "8": " B",
            "9": " C",
            "10": " B",
            "11": " E",
            "12": " C",
            "13": " J",
            "14": " F",
            "15": " B",
            "16": " B",
            "17": " A",
            "18": " E",
            "19": " C",
            "20": " G",
            "21": " B",
            "22": " D",
            "23": " E",
            "24": " E",
            "25": " E",
            "26": " G",
            "27": " C",
            "28": " C",
            "29": " B",
            "30": " A",
            "31": " E",
            "32": " E",
            "33": " H",
            "34": " C",
            "35": " G"
        },
        "option2": {
            "36": "I",
            "37": "C",
            "38": "C",
            "39": "C",
            "40": "A",
            "41": "D",
            "42": "A",
            "43": "I",
            "44": "H",
            "45": "I",
            "46": "J",
            "47": "G",
            "0": " A",
            "1": " J",
            "2": " H",
            "3": " C",
            "4": " G",
            "5": " D",
            "6": " H",
            "7": " D",
            "8": " F",
            "9": " F",
            "10": " A",
            "11": " D",
            "12": " I",
            "13": " C",
            "14": " C",
            "15": " E",