{
    "seqs": [
        [
            9,
            0,
            1,
            3,
            4,
            1
        ],
        [
            4,
            5,
            6,
            8,
            0,
            6
        ],
        [
            1,
            9,
            0,
            5,
            3,
            0
        ],
        [
            5,
            6,
            4,
            1,
            0,
            4
        ],
        [
            7,
            8,
            1,
            3,
            9,
            1
        ],
        [
            4,
            7,
            8,
            0,
            3,
            8
        ],
        [
            6,
            4,
            7,
            9,
            2,
            7
        ],
        [
            0,
            1,
            2,
            5,
            4,
            2
        ],
        [
            2,
            3,
            4,
            6,
            7,
            4
        ],
        [
            3,
            4,
            5,
            7,
            1,
            5
        ],
        [
            1,
            2,
            3,
            5,
            7,
            3
        ],
        [
            8,
            1,
            9,
            3,
            2,
            9
        ]
    ],
    "response": [
        "correct",
        "correct",
        "correct",
        "correct",
        "correct",
        "correct",
        "correct",
        "correct",
        "correct",
        "correct",
        "correct",
        "correct"
    ],
    "performance-test": 1.0,
    "performance-learning": [
        0.166666666666667,
        0.25,
        0.416666666666667,
        0.833333333333333
    ],
    "blocks": {
        "Block": {
            "48": 0,
            "49": 0,
            "50": 0,
            "51": 0,
            "52": 0,
            "53": 0,
            "54": 0,
            "55": 0,
            "56": 0,
            "57": 0,
            "58": 0,
            "59": 0,
            "0": 1,
            "1": 1,
            "2": 1,
            "3": 1,
            "4": 1,
            "5": 1,
            "6": 1,
            "7": 1,
            "8": 1,
            "9": 1,
            "10": 1,
            "11": 1,
            "12": 2,
            "13": 2,
            "14": 2,
            "15": 2,
            "16": 2,
            "17": 2,
            "18": 2,
            "19": 2,
            "20": 2,
            "21": 2,
            "22": 2,
            "23": 2,
            "24": 3,
            "25": 3,
            "26": 3,
            "27": 3,
            "28": 3,
            "29": 3,
            "30": 3,
            "31": 3,
            "32": 3,
            "33": 3,
            "34": 3,
            "35": 3,
            "36": 4,
            "37": 4,
            "38": 4,
            "39": 4,
            "40": 4,
            "41": 4,
            "42": 4,
            "43": 4,
            "44": 4,
            "45": 4,
            "46": 4,
            "47": 4
        },
        "Trial": {
            "48": 1,
            "49": 2,
            "50": 3,
            "51": 4,
            "52": 5,
            "53": 6,
            "54": 7,
            "55": 8,
            "56": 9,
            "57": 10,
            "58": 11,
            "59": 12,
            "0": 1,
            "1": 2,
            "2": 3,
            "3": 4,
            "4": 5,
            "5": 6,
            "6": 7,
            "7": 8,
            "8": 9,
            "9": 10,
            "10": 11,
            "11": 12,
            "12": 1,
            "13": 2,
            "14": 3,
            "15": 4,
            "16": 5,
            "17": 6,
            "18": 7,
            "19": 8,
            "20": 9,
            "21": 10,
            "22": 11,
            "23": 12,
            "24": 1,
            "25": 2,
            "26": 3,
            "27": 4,
            "28": 5,
            "29": 6,
            "30": 7,
            "31": 8,
            "32": 9,
            "33": 10,
            "34": 11,
            "35": 12,
            "36": 1,
            "37": 2,
            "38": 3,
            "39": 4,
            "40": 5,
            "41": 6,
            "42": 7,
            "43": 8,
            "44": 9,
            "45": 10,
            "46": 11,
            "47": 12
        },
        "Seq1": {
            "48": "J",
            "49": "E",
            "50": "B",
            "51": "F",
            "52": "H",
            "53": "E",
            "54": "G",
            "55": "A",
            "56": "C",
            "57": "D",
            "58": "B",
            "59": "I",
            "0": " J",
            "1": " H",
            "2": " D",
            "3": " C",
            "4": " G",
            "5": " B",
            "6": " I",
            "7": " B",
            "8": " E",
            "9": " E",
            "10": " F",
            "11": " A",
            "12": " F",
            "13": " D",
            "14": " G",
            "15": " I",
            "16": " E",
            "17": " C",
            "18": " J",
            "19": " B",
            "20": " H",
            "21": " E",
            "22": " A",
            "23": " B",
            "24": " C",
            "25": " F",
            "26": " G",
            "27": " A",
            "28": " B",
            "29": " D",
            "30": " E",
            "31": " J",
            "32": " E",
            "33": " I",
            "34": " B",
            "35": " H",
            "36": " B",
            "37": " E",
            "38": " C",
            "39": " A",
            "40": " H",
            "41": " J",
            "42": " G",
            "43": " D",
            "44": " F",
            "45": " I",
            "46": " B",
            "47": " E"
        },
        "Seq2": {
            "48": "A",
            "49": "F",
            "50": "J",
            "51": "G",
            "52": "I",
            "53": "H",
            "54": "E",
            "55": "B",
            "56": "D",
            "57": "E",
            "58": "C",
            "59": "B",
            "0": " A",
            "1": " I",
            "2": " E",
            "3": " D",
            "4": " E",
            "5": " J",
            "6": " B",
            "7": " C",
            "8": " F",
            "9": " H",
            "10": " G",
            "11": " B",
            "12": " G",
            "13": " E",
            "14": " E",
            "15": " B",
            "16": " H",
            "17": " D",
            "18": " A",
            "19": " J",
            "20": " I",
            "21": " F",
            "22": " B",
            "23": " C",
            "24": " D",
            "25": " G",
            "26": " E",
            "27": " B",
            "28": " J",
            "29": " E",
            "30": " F",
            "31": " A",
            "32": " H",
            "33": " B",
            "34": " C",
            "35": " I",
            "36": " J",
            "37": " F",
            "38": " D",
            "39": " B",
            "40": " I",
            "41": " A",
            "42": " E",
            "43": " E",
            "44": " G",
            "45": " B",
            "46": " C",
            "47": " H"
        },
        "option1": {
            "48": "D",
            "49": "I",
            "50": "F",
            "51": "B",
            "52": "B",
            "53": "A",
            "54": "H",
            "55": "F",
            "56": "G",
            "57": "H",
            "58": "F",
            "59": "J",
            "0": " F",
            "1": " E",
            "2": " F",
            "3": " E",
            "4": " C",
            "5": " A",
            "6": " E",
            "7": " I",
            "8": " J",
            "9": " J",
            "10": " J",
            "11": " E",
            "12": " H",
            "13": " F",
            "14": " A",
            "15": " F",
            "16": " C",
            "17": " I",
            "18": " B",