{
    "seqs": [
        [
            2,
            3,
            4,
            5,
            8,
            4
        ],
        [
            3,
            4,
            5,
            7,
            9,
            5
        ],
        [
            0,
            1,
            2,
            7,
            4,
            2
        ],
        [
            6,
            4,
            7,
            1,
            9,
            1
        ],
        [
            4,
            7,
            8,
            2,
            1,
            8
        ],
        [
            7,
            8,
            1,
            2,
            9,
            1
        ],
        [
            1,
            9,
            0,
            2,
            6,
            0
        ],
        [
            1,
            2,
            3,
            4,
            6,
            4
        ],
        [
            9,
            0,
            1,
            6,
            4,
            1
        ],
        [
            4,
            5,
            6,
            8,
            9,
            6
        ],
        [
            5,
            6,
            4,
            1,
            0,
            4
        ],
        [
            8,
            1,
            9,
            0,
            4,
            9
        ]
    ],
    "response": [
        "correct",
        "correct",
        "correct",
        "wrong",
        "correct",
        "correct",
        "correct",
        "wrong",
        "correct",
        "correct",
        "correct",
        "correct"
    ],
    "performance-test": 0.833333333333333,
    "performance-learning": [
        0.666666666666667,
        0.5,
        0.583333333333333,
        0.583333333333333,
        1.0
    ]
}