{
    "seqs": [
        [
            1,
            9,
            0,
            6,
            2,
            0
        ],
        [
            5,
            6,
            4,
            0,
            1,
            4
        ],
        [
            7,
            8,
            1,
            3,
            0,
            1
        ],
        [
            0,
            1,
            2,
            4,
            6,
            2
        ],
        [
            6,
            4,
            7,
            8,
            2,
            7
        ],
        [
            9,
            0,
            1,
            6,
            2,
            1
        ],
        [
            1,
            2,
            3,
            4,
            7,
            3
        ],
        [
            4,
            7,
            8,
            9,
            1,
            8
        ],
        [
            2,
            3,
            4,
            5,
            7,
            4
        ],
        [
            8,
            1,
            9,
            4,
            0,
            9
        ],
        [
            3,
            4,
            5,
            8,
            7,
            7
        ],
        [
            4,
            5,
            6,
            9,
            7,
            6
        ]
    ],
    "response": [
        "correct",
        "correct",
        "correct",
        "correct",
        "correct",
        "correct",
        "correct",
        "correct",
        "correct",
        "correct",
        "wrong",
        "correct"
    ],
    "performance-test": 0.916666666666667,
    "performance-learning": [
        0.416666666666667,
        0.333333333333333,
        1.0
    ]
}