{
    "seqs": [
        [
            1,
            2,
            3,
            7,
            4,
            3
        ],
        [
            4,
            5,
            6,
            1,
            7,
            7
        ],
        [
            1,
            9,
            0,
            6,
            3,
            0
        ],
        [
            0,
            1,
            2,
            3,
            6,
            2
        ],
        [
            7,
            8,
            1,
            4,
            0,
            4
        ],
        [
            8,
            1,
            9,
            5,
            2,
            2
        ],
        [
            3,
            4,
            5,
            9,
            6,
            9
        ],
        [
            4,
            7,
            8,
            3,
            1,
            8
        ],
        [
            5,
            6,
            4,
            1,
            8,
            4
        ],
        [
            6,
            4,
            7,
            0,
            8,
            8
        ],
        [
            2,
            3,
            4,
            6,
            8,
            4
        ],
        [
            9,
            0,
            1,
            6,
            2,
            6
        ]
    ],
    "response": [
        "correct",
        "wrong",
        "correct",
        "correct",
        "wrong",
        "wrong",
        "wrong",
        "correct",
        "correct",
        "wrong",
        "correct",
        "wrong"
    ],
    "performance-test": 0.5,
    "performance-learning": [
        0.583333333333333,
        0.166666666666667,
        0.333333333333333,
        0.416666666666667,
        0.416666666666667,
        0.583333333333333
    ]
}