{
    "seqs": [
        [
            7,
            8,
            1,
            2,
            9,
            1
        ],
        [
            8,
            1,
            9,
            0,
            5,
            9
        ],
        [
            3,
            4,
            5,
            8,
            7,
            5
        ],
        [
            6,
            4,
            7,
            9,
            1,
            1
        ],
        [
            9,
            0,
            1,
            6,
            3,
            1
        ],
        [
            0,
            1,
            2,
            5,
            6,
            2
        ],
        [
            2,
            3,
            4,
            6,
            1,
            4
        ],
        [
            1,
            9,
            0,
            2,
            6,
            6
        ],
        [
            4,
            5,
            6,
            8,
            0,
            8
        ],
        [
            5,
            6,
            4,
            0,
            7,
            4
        ],
        [
            1,
            2,
            3,
            8,
            5,
            3
        ],
        [
            4,
            7,
            8,
            0,
            2,
            8
        ]
    ],
    "response": [
        "correct",
        "correct",
        "correct",
        "wrong",
        "correct",
        "correct",
        "correct",
        "wrong",
        "wrong",
        "correct",
        "correct",
        "correct"
    ],
    "performance-test": 0.75,
    "performance-learning": [
        0.416666666666667,
        0.833333333333333
    ]
}