{
    "seqs": [
        [
            1,
            2,
            3,
            6,
            7,
            3
        ],
        [
            0,
            1,
            2,
            5,
            4,
            2
        ],
        [
            7,
            8,
            1,
            3,
            0,
            1
        ],
        [
            5,
            6,
            4,
            1,
            8,
            4
        ],
        [
            3,
            4,
            5,
            9,
            7,
            7
        ],
        [
            1,
            9,
            0,
            4,
            3,
            0
        ],
        [
            2,
            3,
            4,
            7,
            5,
            4
        ],
        [
            6,
            4,
            7,
            1,
            9,
            7
        ],
        [
            8,
            1,
            9,
            0,
            3,
            9
        ],
        [
            4,
            7,
            8,
            3,
            0,
            8
        ],
        [
            9,
            0,
            1,
            6,
            4,
            1
        ],
        [
            4,
            5,
            6,
            0,
            7,
            6
        ]
    ],
    "response": [
        "correct",
        "correct",
        "correct",
        "correct",
        "wrong",
        "correct",
        "correct",
        "correct",
        "correct",
        "correct",
        "correct",
        "correct"
    ],
    "performance-test": 0.916666666666667,
    "performance-learning": [
        0.5,
        0.666666666666667,
        0.833333333333333
    ]
}